current_state,Low,Normal,Hit,Viral
Low,0.45,0.5,0.0333333333333333,0.0166666666666666
Normal,0.3146067415730337,0.5280898876404494,0.146067415730337,0.0112359550561797
Hit,0.0333333333333333,0.3666666666666666,0.3333333333333333,0.2666666666666666
Viral,0.0,0.0,0.3125,0.6875
